{
"airfoil_DB": "../AirfoilDatabase",
"run": {
    "stl" : "",
    "forces" : "",
    "distributions" : {"output" : "json"},
    "derivatives" : "",
    "aerocenter" : "",
    "targetcl" : {"CL" : 0.5},
    "report" : {
        "fitness" : {
            "name" : "total.myairplane.CD",
            "file" : "input_forces.json"
        },
        "Cl" : {"name" : "total.myairplane.Cl", "file" : "input_forces.json"},
        "CL" : {"name" : "CL", "file" : "input_targetCL.json"}
    },
    "pitchtrim" : {"CL" : 0.4,"Cm" : 0.0}
},
"solver":{
	"type" : "nonlinear",
	"convergence" : 1.0e-10,
	"relaxation": 0.9
},
"plane": {
	"name": "myairplane",
	"CGx": -0.4,
	"CGy": 0.0,
	"CGz": 0.0
},
"reference": {
	"area": 8.0,
	"longitudinal_length": 1.0,
	"lateral_length": 8.0
},
"condition": {
	"alpha": 5.0,
	"beta": 0.0,
    "ground": 0.0
},
"controls" : {
    "aileron" : {
        "is_symmetric" : 0,
        "deflection" : 0.0
    },
    "elevator" : {
        "is_symmetric" : 1,
        "deflection" : 0.0
    }
},
"wings": {
	"wing_1" : {
		"ID": 1,
		"side": "both",
		"connect": {
			"ID": 0,
			"location": "root",
			"dx" : 0.0,
			"dy" : 0.0,
			"dz" : 0.0,
            "yoffset" : 0.0
		},
		"span": 4.0,
		"sweep": 12.0,
		"dihedral": 0.0,
		"mounting_angle": 0.0,
		"washout": 0.0,
		"root_chord": 1.0,
		"tip_chord":  1.0,
        "airfoils" : {
            "NACA_2410" : "",
            "NACA_4410" : ""
        },
		"grid": 100,
        "control" : {
            "span_root" : 0.7,
            "span_tip" : 0.9,
            "chord_root" : 0.25,
            "chord_tip" : 0.25,
            "is_sealed" : 1,
            "mix" : {
                "aileron" : 1.0,
                "elevator" : 1.0
            }
        }
	}
}